Component,Category,Implementation Status,Priority,Description,Key Changes,Compliance Status,Files Modified
Core Architecture,Primary Implementation,✅ COMPLETED,HIGH,Complete rebuild of blockchain/core/blockchain_engine.py,On-System Chain as primary blockchain|TRON isolated for payments only|Pure PoOT consensus implementation,Spec-1a|Spec-1b|Spec-1c|R-MUST-015|R-MUST-016|R-MUST-018|R-MUST-019,blockchain/core/blockchain_engine.py
Data Structures,SessionAnchor,✅ COMPLETED,MEDIUM,Updated SessionAnchor dataclass,Removed TRON-specific fields|Focused on On-System Chain anchoring|LucidAnchors contract integration,Spec-1b lines 56-59,blockchain/core/blockchain_engine.py
Data Structures,TronPayout,✅ COMPLETED,MEDIUM,Updated TronPayout dataclass,Marked as payment-layer only|Monthly payout distribution|Router selection (PR0/PRKYC),R-MUST-018,blockchain/core/blockchain_engine.py
Data Structures,WorkCreditsProof,✅ COMPLETED,MEDIUM,PoOT work credits proof submission,relay_bandwidth|storage_availability|validation_signature|uptime_beacon,Spec-1b lines 129-134,blockchain/core/blockchain_engine.py
Data Structures,WorkCreditsTally,✅ COMPLETED,MEDIUM,Work credits tally per epoch,Aggregated work credits|Entity ranking|Live score calculation,Spec-1b,blockchain/core/blockchain_engine.py
Data Structures,LeaderSchedule,✅ COMPLETED,MEDIUM,Block leader schedule per slot,Primary leader selection|Fallback mechanisms|Cooldown periods,Spec-1b lines 135-157,blockchain/core/blockchain_engine.py
Blockchain Clients,OnSystemChainClient,✅ COMPLETED,HIGH,Primary blockchain client implementation,EVM JSON-RPC interface|LucidAnchors contract integration|LucidChunkStore contract integration|Gas estimation and circuit breakers,R-MUST-016,blockchain/core/blockchain_engine.py
Blockchain Clients,TronNodeSystem,✅ COMPLETED,MEDIUM,Isolated TRON payment service,USDT-TRC20 payouts via PayoutRouterV0/PRKYC|Energy/bandwidth management|Circuit breakers and daily limits,R-MUST-015|R-MUST-018,blockchain/core/blockchain_engine.py
Consensus Engine,PoOTConsensusEngine,✅ COMPLETED,HIGH,Pure PoOT consensus implementation,Work credits calculation|Leader selection with cooldown|Block publishing with fallback mechanisms|Pool support for multiple nodes,Spec-1b,blockchain/core/blockchain_engine.py
Consensus Parameters,Immutable Constants,✅ COMPLETED,HIGH,Immutable consensus parameters,SLOT_DURATION_SEC = 120 (fixed)|SLOT_TIMEOUT_MS = 5000|COOLDOWN_SLOTS = 16|LEADER_WINDOW_DAYS = 7|BASE_MB_PER_SESSION = 5,Spec-1b line 170,blockchain/core/blockchain_engine.py
Main Engine,BlockchainEngine,✅ COMPLETED,HIGH,Main blockchain engine orchestration,On-System Chain as primary|TRON isolated for payments|PoOT consensus management|MongoDB collections|Circuit breakers and rate limiting,Spec-1a|Spec-1b|Spec-1c,blockchain/core/blockchain_engine.py
Service Management,Global Instance,✅ COMPLETED,MEDIUM,Global blockchain engine instance,Singleton pattern|Start/stop service functions|Resource cleanup|Health monitoring,Production Ready,blockchain/core/blockchain_engine.py
MongoDB Schema,Consensus Collections,✅ COMPLETED,MEDIUM,MongoDB collections for consensus,task_proofs (sharded)|work_tally (replicated)|leader_schedule (replicated),Spec-1b lines 164-167,blockchain/core/blockchain_engine.py
MongoDB Schema,Sessions Collection,✅ COMPLETED,MEDIUM,Sessions collection for anchoring,On-System Chain txid storage|Session manifest anchoring|Status tracking,Spec-1b,blockchain/core/blockchain_engine.py
MongoDB Schema,Payouts Collection,✅ COMPLETED,MEDIUM,TRON payouts collection,TRON-only payment tracking|Monthly payout distribution|Router type tracking,R-MUST-018,blockchain/core/blockchain_engine.py
Error Handling,Exception Management,✅ COMPLETED,MEDIUM,Comprehensive error handling,Circuit breaker patterns|Graceful degradation|Detailed logging,Production Ready,blockchain/core/blockchain_engine.py
Security,Non-root Execution,✅ COMPLETED,MEDIUM,Security implementation,Non-root execution support|Secure key management|Input validation|Rate limiting,Production Ready,blockchain/core/blockchain_engine.py
Monitoring,Health Checks,✅ COMPLETED,MEDIUM,Service monitoring,Anchor status monitoring loop|Payout status monitoring loop|Slot timer with fallback mechanisms|Health monitoring,Production Ready,blockchain/core/blockchain_engine.py
Configuration,Environment Variables,✅ COMPLETED,MEDIUM,Environment configuration,On-System Chain RPC configuration|TRON network configuration|MongoDB URI configuration|Consensus parameters,Production Ready,blockchain/core/blockchain_engine.py
API Integration,Session Anchoring,✅ COMPLETED,HIGH,Session anchoring to On-System Chain,LucidAnchors contract integration|Event-based anchoring|Gas-efficient storage writes,R-MUST-016,blockchain/core/blockchain_engine.py
API Integration,Payment Processing,✅ COMPLETED,MEDIUM,TRON payment processing,PayoutRouterV0 (non-KYC)|PayoutRouterKYC (KYC-gated)|USDT-TRC20 transfers,R-MUST-015|R-MUST-018,blockchain/core/blockchain_engine.py
Testing,Unit Tests,❌ MISSING,HIGH,Unit tests for blockchain components,PoOT consensus testing|Leader selection testing|Session anchoring testing|TRON payment testing,Testing Requirements,tests/unit/blockchain/
Testing,Integration Tests,❌ MISSING,HIGH,Integration tests for blockchain,End-to-end session flow|PoOT consensus progression|Monthly payout distribution|MongoDB sharding,Testing Requirements,tests/integration/blockchain-integration/
Testing,Performance Tests,❌ MISSING,MEDIUM,Performance tests for blockchain,Load testing for consensus|Session anchoring performance|Payment processing performance,Testing Requirements,tests/performance/blockchain/
Documentation,Architecture Docs,❌ MISSING,LOW,Blockchain architecture documentation,Dual-chain architecture explanation|PoOT consensus documentation|On-System Chain integration guide,Documentation Requirements,docs/blockchain/architecture.md
Documentation,API Reference,❌ MISSING,LOW,Blockchain API reference,API endpoint documentation|Request/response schemas|Integration examples,Documentation Requirements,docs/blockchain/api-reference.md
Deployment,Docker Images,❌ MISSING,HIGH,On-System Chain Docker image,On-System Chain container|EVM compatibility|Service configuration,Deployment Requirements,infrastructure/docker/on-system-chain/Dockerfile
Deployment,TRON Payment Docker,❌ MISSING,MEDIUM,TRON payment service Docker image,Isolated TRON payment service|USDT-TRC20 support|Payment processing,Deployment Requirements,infrastructure/docker/tron-payment/Dockerfile
Deployment,Docker Compose,❌ MISSING,MEDIUM,Docker compose updates,Add On-System Chain service|Separate TRON as payment service|Update service dependencies,Deployment Requirements,docker-compose.yml|docker-compose.pi.yml
Database,Migration Scripts,❌ MISSING,HIGH,Database migration scripts,Schema migration|Data migration|Index creation,Database Requirements,scripts/migration/blockchain-migration.sql
Database,MongoDB Schema,❌ MISSING,MEDIUM,MongoDB schema updates,Consensus collections|Sessions/chunks schema|Payouts collection,Database Requirements,scripts/database/init_mongodb_schema.js
Configuration,Environment Files,❌ MISSING,LOW,Environment file updates,On-System Chain RPC endpoints|TRON payment-only clarification,Configuration Requirements,infrastructure/docker/blockchain/env/*.env
Monitoring,Health Monitoring,❌ MISSING,LOW,Health monitoring scripts,Health check scripts|Monitoring setup|Alert configuration,Monitoring Requirements,scripts/monitoring/blockchain-health.sh
Automation,Deployment Scripts,❌ MISSING,MEDIUM,Deployment automation,Automated deployment scripts|Environment setup|Service orchestration,Automation Requirements,scripts/deployment/blockchain-deploy.sh
Automation,Validation Scripts,❌ MISSING,MEDIUM,Validation scripts,Configuration validation|Service validation|Health validation,Automation Requirements,scripts/validation/blockchain-validate.sh
CI/CD,Pipeline Integration,❌ MISSING,MEDIUM,CI/CD for blockchain testing,Automated testing|Quality gates|Deployment automation,CI/CD Requirements,.github/workflows/blockchain-tests.yml